firm,change,title,location,practice_area,practice_area_source,pqe,url,job_id,reference,checked_at,first_seen,last_seen,london,is_new,changed_fields
Fieldfisher,SEEN,"Associate, Employment ",London/Manchester/Birmingham,Employment,Official job-title suffix,,https://fieldfisher.current-vacancies.com/Jobs/Advert/4295122?cid=2074&t=Associate--Employment-,1230341,FIE1230341,2026-09-30T07:35:30+00:00,2026-09-30T07:19:31+00:00,2026-09-30T07:35:30+00:00,True,False,
Fieldfisher,SEEN,Court of Protection Solicitor,London,,,,https://fieldfisher.current-vacancies.com/Jobs/Advert/4301587?cid=2074&t=Court-of-Protection-Solicitor,1232069,FIE1232069,2026-09-30T07:35:30+00:00,2026-09-30T07:19:31+00:00,2026-09-30T07:35:30+00:00,True,False,
Fieldfisher,SEEN,NQ Solicitor – Equity Incentives,London,,,"We are looking for a Newly Qualified Solicitor to join our leading Equity Incentives and Employee Ownership team, part of Fieldfisher’s Tax and Private Client department.",https://fieldfisher.current-vacancies.com/Jobs/Advert/4216536?cid=2074&t=NQ-Solicitor---Equity-Incentives,1209670,FIE1209670,2026-09-30T07:35:31+00:00,2026-09-30T07:19:31+00:00,2026-09-30T07:35:31+00:00,True,False,
Fieldfisher,SEEN,Senior Associate (Derivatives),London,,,"We are seeking a Senior Associate (4+ PQE) to join our Derivatives practice. The successful candidate will ideally have trained at a well-reputed City or international law firm and will have a strong legal understanding of derivatives, including the products themselves, the markets in which they operate, and the associated financial law and regulatory framework. | Qualified lawyer with 4+ years’ PQE.",https://fieldfisher.current-vacancies.com/Jobs/Advert/4128258?cid=2074&t=Senior-Associate--Derivatives-,1184243,FIE1184243,2026-09-30T07:35:31+00:00,2026-09-30T07:19:31+00:00,2026-09-30T07:35:31+00:00,True,False,
Fieldfisher,SEEN,"Senior Associate, Commercial Intellectual Property",London/Manchester/Birmingham,Commercial Intellectual Property,Official job-title suffix,,https://fieldfisher.current-vacancies.com/Jobs/Advert/4291521?cid=2074&t=Senior-Associate--Commercial-Intellectual-Property,1229386,FIE1229386,2026-09-30T07:35:31+00:00,2026-09-30T07:19:31+00:00,2026-09-30T07:35:31+00:00,True,False,
Fieldfisher,SEEN,"Senior Associate, Corporate (Russian Speaking)",London,Corporate (Russian Speaking),Official job-title suffix,,https://fieldfisher.current-vacancies.com/Jobs/Advert/4287799?cid=2074&t=Senior-Associate--Corporate--Russian-Speaking-,1228389,FIE1228389,2026-09-30T07:35:31+00:00,2026-09-30T07:19:31+00:00,2026-09-30T07:35:31+00:00,True,False,
Fieldfisher,SEEN,"Senior Associate, Employment ",London/Manchester/Birmingham,Employment,Official job-title suffix,,https://fieldfisher.current-vacancies.com/Jobs/Advert/4296409?cid=2074&t=Senior-Associate--Employment-,1230639,FIE1230639,2026-09-30T07:35:30+00:00,2026-09-30T07:19:31+00:00,2026-09-30T07:35:30+00:00,True,False,
Fieldfisher,SEEN,"Solicitor, Medical Negligence",London,Medical Negligence,Official job-title suffix,We are seeking a lawyer with NQ–3 years’ PQE to join our highly regarded Medical Negligence team in London.,https://fieldfisher.current-vacancies.com/Jobs/Advert/4315516?cid=2074&t=Solicitor--Medical-Negligence,1235789,FIE1235789,2026-09-30T07:35:30+00:00,2026-09-30T07:19:31+00:00,2026-09-30T07:35:30+00:00,True,False,
Lewis Silkin,SEEN,Associate,London,,,"About you
 Our ideal candidate will be able to demonstrate: 

 
	 0 - 4 years&rsquo; post-qualification experience in an Employment team 
	 Excellent drafting, analytical and communication skills as well as strong attention to detail.",https://lewissilkin.allhires.com/app/vacancies/933,933,933,2026-09-30T07:35:38+00:00,2026-09-29T17:25:01+00:00,2026-09-30T07:35:38+00:00,True,False,
Lewis Silkin,SEEN,Associate / Senior Associate,"Flexible (Belfast, London or Manchester preferred)",,,"About you
 Our ideal candidate will be able to demonstrate: 

 
	 At least 4 years&rsquo; post-qualification experience in a Data, Privacy &amp; Cyber team.",https://lewissilkin.allhires.com/app/vacancies/925,925,925,2026-09-30T07:35:38+00:00,2026-09-29T17:25:03+00:00,2026-09-30T07:35:38+00:00,True,False,
Lewis Silkin,SEEN,Senior Associate,London,,,"About you
 Our ideal candidate will be able to demonstrate:: 

 
	 5 to 8 years&rsquo; post-qualification experience in an Employment team 
	 Deep technical knowledge of most of the employment areas listed above 
	 Excellent drafting, analytical and communication skills as well as strong attention to detail.",https://lewissilkin.allhires.com/app/vacancies/846,846,846,2026-09-30T07:35:38+00:00,2026-09-29T17:25:02+00:00,2026-09-30T07:35:38+00:00,True,False,
Lewis Silkin,SEEN,Senior Associate,"London, Belfast, Cardiff, Manchester.",,,"You&rsquo;ll also use your initiative to proactively manage work and provide regular and appropriate updates to your stakeholders.&nbsp; 
	 
 

 
	 
	 Building relationships: you will proactively develop positive working relationships with colleagues, ensuring that you work collaboratively and that you treat all colleagues with respect and professionalism.&nbsp; 
	 
 

 
	 
	 Developing our business: you will have an awareness of the firm&rsquo;s goals and clients and have an appropriate level of involvement in building and maintaining relationships with key clients and prospects.&nbsp; 
	 
 
About you
  Our ideal candidate will be able to demonstrate:  

 
	 4 to 7 years&#39; post-qualification experience within a Corporate team.",https://lewissilkin.allhires.com/app/vacancies/937,937,937,2026-09-30T07:35:38+00:00,2026-09-29T17:25:03+00:00,2026-09-30T07:35:38+00:00,True,False,
Stewarts,SEEN,Costs Associate required to join our Commercial Disputes team in London,London,Unknown,List item category,,https://www.stewartslaw.com/app/uploads/2026/09/JD-Costs-Associate-September-2026.pdf,JD-Costs-Associate-September-2026,JD-Costs-Associate-September-2026,2026-09-30T07:35:56+00:00,2026-09-29T17:25:16+00:00,2026-09-30T07:35:56+00:00,True,False,
TLT,SEEN,Associate/Senior Associate - Employment,"Birmingham, Bristol, Edinburgh, Glasgow, London, Manchester",Employment,official job-title suffix (not a separate practice field),A qualified Solicitor (SRA or Law Society Registered) with 1+ years PQE in an employment team,https://apply.tlt.com/vacancies/6101/associatesenior_associate_employment,6101,TLT-6101,2026-09-30T07:36:19+00:00,2026-09-29T17:23:32+00:00,2026-09-30T07:36:19+00:00,True,False,
TLT,SEEN,Associate/Senior Associate - Financial Services Disputes,"Bristol, Edinburgh, Glasgow, London, Manchester, Birmingham",Financial Services Disputes,official job-title suffix (not a separate practice field),"We are recruiting an Associate/Senior Associate to join our national Financial Services Disputes team. The role is a hybrid working role, with the successful candidate being able to work from any of our UK bases. This role would best suit a qualified disputes lawyer between 1-5 PQE. | A qualified disputes and litigation solicitor with 1-5 PQE at a large national or international firm. Experience in financial services disputes is preferred but not essential",https://apply.tlt.com/vacancies/6074/associatesenior_associate_financial_services_disputes,6074,TLT-6074,2026-09-30T07:36:19+00:00,2026-09-29T17:23:43+00:00,2026-09-30T07:36:19+00:00,True,False,
TLT,SEEN,Contract Lawyer - Public Inquiries Inquests and Public Law,London,Public Inquiries Inquests and Public Law,official job-title suffix (not a separate practice field),,https://apply.tlt.com/vacancies/6013/contract_lawyer_public_inquiries_inquests_and_public_law,6013,TLT-2290,2026-09-30T07:36:19+00:00,2026-09-29T17:24:02+00:00,2026-09-30T07:36:19+00:00,True,False,
TLT,SEEN,Managing Associate - Infrastructure Real Estate,London,Infrastructure Real Estate,official job-title suffix (not a separate practice field),,https://apply.tlt.com/vacancies/5437/managing_associate_infrastructure_real_estate,5437,TLT-5437,2026-09-30T07:36:19+00:00,2026-09-29T17:23:37+00:00,2026-09-30T07:36:19+00:00,True,False,
TLT,SEEN,"Senior Associate - Banking, Future Energy","Bristol, London","Banking, Future Energy",official job-title suffix (not a separate practice field),"A Qualified Solicitor 4-7 years’ PQE with genuine experience, enthusiasm and market knowledge in project finance and the energy sector",https://apply.tlt.com/vacancies/5933/senior_associate_banking_future_energy,5933,TLT-5933,2026-09-30T07:36:19+00:00,2026-09-29T17:23:45+00:00,2026-09-30T07:36:19+00:00,True,False,
Taylor Wessing,SEEN,Employment Associate,"London, GB",,,"Experience, skills, and qualifications 2-4 years' PQE with strong employment law experience gained within a recognised law firm.",https://careers.winstontaylor-emea.com/Careeropportunities/job/London-Employment-Associate/1369209055/,1369209055,TW-1369209055,2026-09-30T07:35:14+00:00,2026-09-29T17:24:57+00:00,2026-09-30T07:35:14+00:00,True,False,
Taylor Wessing,SEEN,Patent Litigation Associate,"London, GB",,,"Experience, skills, and qualifications Qualified solicitor with ideally 0 - 3 years' PQE and a strong foundation in patent litigation.",https://careers.winstontaylor-emea.com/Careeropportunities/job/London-Patent-Litigation-Associate/1368178355/,1368178355,TW-1368178355,2026-09-30T07:35:14+00:00,2026-09-29T17:24:57+00:00,2026-09-30T07:35:14+00:00,True,False,
Taylor Wessing,SEEN,Restructuring & Insolvency Senior Associate,"London, GB",,,"Position summary We are seeking a motivated and dynamic Restructuring & Insolvency Senior Associate (5–7 PQE) to join our highly regarded and growing London team. | Experience, skills, and qualifications 5–7 years’ post‑qualification experience (PQE) in restructuring and insolvency law gained within a respected law firm.",https://careers.winstontaylor-emea.com/Careeropportunities/job/London-Restructuring-&-Insolvency-Senior-Associate/1350396955/,1350396955,TW-1350396955,2026-09-30T07:35:14+00:00,2026-09-29T17:24:57+00:00,2026-09-30T07:35:14+00:00,True,False,
Withers,SEEN,Commercial Real Estate Associate (2-4 PQE),London,Business - Real Estate,Board category,We are currently recruiting for a Commercial Real Estate Associate (2-4 PQE) to join our London team! | 2-4 years post qualification experience.,https://www.witherscareers.com/job-detail.php?jobid=325084,325084,325084,2026-09-30T07:35:54+00:00,2026-09-29T17:25:05+00:00,2026-09-30T07:35:54+00:00,True,False,
Withers,SEEN,Corporate Tax Associate (1-3 PQE),London,Private Client and Tax - Corporate Tax,Board category,We are recruiting a Corporate Tax Associate (1-3 PQE) to join our team in London! | Candidates must be 1-3 PQE,https://www.witherscareers.com/job-detail.php?jobid=296740,296740,296740,2026-09-30T07:35:55+00:00,2026-09-29T17:25:14+00:00,2026-09-30T07:35:55+00:00,True,False,
Withers,SEEN,Litigation & Arbitration Associate (3-4 PQE),London,Dispute Resolution - Litigation,Board category,We are currently recruiting for a Litigation & Arbitration Associate (3-4 PQE) to join our team in London! | Approximately 3-4 years' post-qualification experience,https://www.witherscareers.com/job-detail.php?jobid=323747,323747,323747,2026-09-30T07:35:54+00:00,2026-09-29T17:25:07+00:00,2026-09-30T07:35:54+00:00,True,False,
Withers,SEEN,U.S. Tax Associate (2nd – 5th year) - U.S. Qualified,London,Private Client and Tax,Board category,,https://www.witherscareers.com/job-detail.php?jobid=314990,314990,314990,2026-09-30T07:35:55+00:00,2026-09-29T17:25:12+00:00,2026-09-30T07:35:55+00:00,True,False,
Fieldfisher,SEEN,Associate – Medical Negligence,Manchester,,,UK qualified solicitor with typically 3–6 years’ PQE,https://fieldfisher.current-vacancies.com/Jobs/Advert/4247165?cid=2074&t=Associate---Medical-Negligence,1217647,FIE1217647,2026-09-30T07:35:31+00:00,2026-09-30T07:19:31+00:00,2026-09-30T07:35:31+00:00,False,False,
Fieldfisher,SEEN,Court of Protection - Associate/Senior Associate,Birmingham,,,"Qualified lawyer with 6+PQE, in an established Court of Protection department.",https://fieldfisher.current-vacancies.com/Jobs/Advert/4228518?cid=2074&t=Court-of-Protection-Associate-Senior-Associate,1212541,FIE1212541,2026-09-30T07:35:31+00:00,2026-09-30T07:19:31+00:00,2026-09-30T07:35:31+00:00,False,False,
Fieldfisher,SEEN,Court of Protection - Associate/Senior Associate,Manchester,,,"Qualified lawyer with 6+PQE, in an established Court of Protection department.",https://fieldfisher.current-vacancies.com/Jobs/Advert/4254011?cid=2074&t=Court-of-Protection-Associate-Senior-Associate,1219446,FIE1219446,2026-09-30T07:35:31+00:00,2026-09-30T07:19:31+00:00,2026-09-30T07:35:31+00:00,False,False,
Fieldfisher,SEEN,Senior Associate – Medical Negligence,Manchester,,,UK qualified solicitor with typically 7+ PQE,https://fieldfisher.current-vacancies.com/Jobs/Advert/4247183?cid=2074&t=Senior-Associate---Medical-Negligence,1217652,FIE1217652,2026-09-30T07:35:31+00:00,2026-09-30T07:19:31+00:00,2026-09-30T07:35:31+00:00,False,False,
Fieldfisher,SEEN,"Senior Associate, Immigration",Birmingham,Immigration,Official job-title suffix,,https://fieldfisher.current-vacancies.com/Jobs/Advert/4291099?cid=2074&t=Senior-Associate--Immigration,1229270,FIE1229270,2026-09-30T07:35:31+00:00,2026-09-30T07:19:31+00:00,2026-09-30T07:35:31+00:00,False,False,
Fieldfisher,SEEN,"Solicitor, Real Estate ",Birmingham,Real Estate,Official job-title suffix,"Our clients include residential and commercial developers, investors, funders, corporate occupiers and other organisations with significant real estate interests. We are keen to appoint a Solicitor with 1-2 years post-qualification experience to join our established Birmingham Real Estate team. This is a general transactional real estate role, with a particular focus on candidates who have some experience of, and a genuine interest in, commercial and residential development work.",https://fieldfisher.current-vacancies.com/Jobs/Advert/4300413?cid=2074&t=Solicitor--Real-Estate-,1231752,FIE1231752,2026-09-30T07:35:30+00:00,2026-09-30T07:19:31+00:00,2026-09-30T07:35:30+00:00,False,False,
Fieldfisher,SEEN,"Solicitor, Real Estate ",Manchester,Real Estate,Official job-title suffix,"Our clients include both private sector and public/private sector partnerships operating as residential and commercial developers and renewable energy developers, investors, funders, corporate occupiers, financial institutions and other organisations with significant real estate interests. We are keen to appoint a Solicitor with 1-3 years post-qualification experience to join our established Manchester Real Estate team. This is a general transactional real estate role, with a particular focus on candidates who have a broad depth of experience in Landlord and Tenant asset management work acting for both Landlord clients and corporate occupiers and also have some more general real estate transactional experience and a genuine interest in, commercial and residential development work.",https://fieldfisher.current-vacancies.com/Jobs/Advert/4301671?cid=2074&t=Solicitor--Real-Estate-,1232087,FIE1232087,2026-09-30T07:35:30+00:00,2026-09-30T07:19:31+00:00,2026-09-30T07:35:30+00:00,False,False,
Fieldfisher,SEEN,"Solicitor, Real Estate Litigation",Manchester,Real Estate Litigation,Official job-title suffix,,https://fieldfisher.current-vacancies.com/Jobs/Advert/4329191?cid=2074&t=Solicitor--Real-Estate-Litigation,1239438,FIE1239438,2026-09-30T07:35:29+00:00,2026-09-30T07:19:31+00:00,2026-09-30T07:35:29+00:00,False,False,
HFW,SEEN,Associate,British Virgin Islands,,,,https://www.hfw.com/careers/vacancies/associate-3/,associate-3,associate-3,2026-09-30T07:35:33+00:00,2026-09-29T17:25:00+00:00,2026-09-30T07:35:33+00:00,False,False,
Lewis Silkin,SEEN,Associate,Oxford,,,"The caseload will consist of a mix of contentious and non-contentious employment work, and the associate will have direct contact with a variety of clients.&nbsp; 

 The role will develop in accordance with the associate&rsquo;s own skills, aptitude and preferences and according to the needs of clients and the division 
About you
 The successful candidate is likely to have between 2-5 years&rsquo; PQE and gained the benefit of training and development in a well-respected employment team.",https://lewissilkin.allhires.com/app/vacancies/896,896,896,2026-09-30T07:35:38+00:00,2026-09-29T17:25:01+00:00,2026-09-30T07:35:38+00:00,False,False,
Lewis Silkin,SEEN,Managing Associate,Manchester,,,"About you
 The successful candidate should ideally have 8+ years&rsquo; post qualification experience, preferably with the benefit of training and development in a well-respected employment team.",https://lewissilkin.allhires.com/app/vacancies/904,904,904,2026-09-30T07:35:39+00:00,2026-09-29T17:25:01+00:00,2026-09-30T07:35:39+00:00,False,False,
Lewis Silkin,SEEN,Managing Associate,Flexible,,,"About you
 The successful candidate should ideally have 8+ years&rsquo; post qualification experience, preferably with the benefit of training and development in a well-respected employment team.",https://lewissilkin.allhires.com/app/vacancies/907,907,907,2026-09-30T07:35:39+00:00,2026-09-29T17:25:01+00:00,2026-09-30T07:35:39+00:00,False,False,
Lewis Silkin,SEEN,Managing Associate,Belfast,,,"About you
 Our ideal candidate will be able to demonstrate: 

 
	 8+ years&rsquo; post-qualification experience in an Employment team.",https://lewissilkin.allhires.com/app/vacancies/921,921,921,2026-09-30T07:35:39+00:00,2026-09-29T17:25:02+00:00,2026-09-30T07:35:39+00:00,False,False,
Lewis Silkin,SEEN,Managing Associate (Trade Mark Attorney),"Flexible, within a commutable distance of one of our UK offices",,,,https://lewissilkin.allhires.com/app/vacancies/931,931,931,2026-09-30T07:35:39+00:00,2026-09-29T17:25:04+00:00,2026-09-30T07:35:39+00:00,False,False,
Lewis Silkin,SEEN,Senior Associate,Manchester,,,"About you
 Our ideal candidate will be able to demonstrate: 

 
	 5 to 8 years&rsquo; post-qualification experience in an Employment team 
	 Deep technical knowledge of most of the employment areas listed above 
	 Excellent drafting, analytical and communication skills as well as strong attention to detail.",https://lewissilkin.allhires.com/app/vacancies/886,886,886,2026-09-30T07:35:39+00:00,2026-09-29T17:25:02+00:00,2026-09-30T07:35:39+00:00,False,False,
Lewis Silkin,SEEN,Senior Associate,Flexible,,,"About you
 Our ideal candidate will be able to demonstrate: 

 
	 5 to 8 years&rsquo; post-qualification experience in an Employment team 
	 Deep technical knowledge of most of the employment areas listed above 
	 Excellent drafting, analytical and communication skills as well as strong attention to detail.",https://lewissilkin.allhires.com/app/vacancies/906,906,906,2026-09-30T07:35:39+00:00,2026-09-29T17:25:02+00:00,2026-09-30T07:35:39+00:00,False,False,
Lewis Silkin,SEEN,Senior Associate,Belfast,,,"About you
 Our ideal candidate will be able to demonstrate: 

 
	 5+ years&rsquo; post-qualification experience in an Employment team.&nbsp; Ideally you will be dual qualified and have experience in Employment Laws in both Northern Ireland and the Republic of Ireland.",https://lewissilkin.allhires.com/app/vacancies/920,920,920,2026-09-30T07:35:40+00:00,2026-09-29T17:25:03+00:00,2026-09-30T07:35:40+00:00,False,False,
Lewis Silkin,SEEN,Senior Associate,Hong Kong,,,"About you
 The successful candidate should ideally have 6+ years&rsquo; post qualification experience, preferably with the benefit of training and development in a well-respected employment team.",https://lewissilkin.allhires.com/app/vacancies/927,927,927,2026-09-30T07:35:40+00:00,2026-09-29T17:25:03+00:00,2026-09-30T07:35:40+00:00,False,False,
Lewis Silkin,SEEN,Senior Lawyer (Rockhopper/LS In-house),Flexible,,,"We are recruiting senior employment lawyers (with at least 6 years&rsquo; PQE) to join our fantastic team working for LS In-house and rockhopper.&nbsp; 

 We offer permanent employment contracts, giving you certainty over your basic pay and benefits, with opportunities to increase income with different types of work.&nbsp; 

 This is a unique, innovative and flexible role in a highly collaborative, supportive team, giving senior employment lawyers the opportunity to choose where they work, when they work and what type of work they do.&nbsp; 

  If you&#39;d like to apply for this position, please submit your covering letter as well as your CV to your application form. | Candidates must have at least 6 years&rsquo; PQE.",https://lewissilkin.allhires.com/app/vacancies/764,764,764,2026-09-30T07:35:40+00:00,2026-09-29T17:25:03+00:00,2026-09-30T07:35:40+00:00,False,False,
Morrison Foerster,SEEN,2027 First Year Associate Positions,"Seattle, Washington; Denver, Colorado; Palo Alto, California; San Francisco, California",,,,https://mofo.career.page/jobs/6119?lang=en-us,6119,MOFO-6119,2026-09-30T07:36:16+00:00,2026-09-29T17:25:45+00:00,2026-09-30T07:36:16+00:00,False,False,
Morrison Foerster,SEEN,Antitrust Associate Attorney (Mid-Level),"Washington, District Of Columbia; New York, New York",,,,https://mofo.career.page/jobs/5917?lang=en-us,5917,MOFO-5917,2026-09-30T07:36:17+00:00,2026-09-29T17:25:45+00:00,2026-09-30T07:36:17+00:00,False,False,
Morrison Foerster,SEEN,Business Restructuring + Insolvency Associate Attorney (Mid-Level),"New York, New York",,,,https://mofo.career.page/jobs/5870?lang=en-us,5870,MOFO-5870,2026-09-30T07:36:18+00:00,2026-09-29T17:25:45+00:00,2026-09-30T07:36:18+00:00,False,False,
Morrison Foerster,SEEN,Capital Markets Associate Attorney,"Washington, District Of Columbia; New York, New York",,,,https://mofo.career.page/jobs/6044?lang=en-us,6044,MOFO-6044,2026-09-30T07:36:20+00:00,2026-09-29T17:25:45+00:00,2026-09-30T07:36:20+00:00,False,False,
Morrison Foerster,SEEN,Class Actions Litigation Associate Attorney (Mid-Level),"Los Angeles, California; San Diego, California; San Francisco, California; Seattle, Washington",,,,https://mofo.career.page/jobs/5785?lang=en-us,5785,MOFO-5785,2026-09-30T07:36:22+00:00,2026-09-29T17:25:45+00:00,2026-09-30T07:36:22+00:00,False,False,
Morrison Foerster,SEEN,Data Centers + Digital Infrastructure (Energy) Associate Attorney (Mid- to Senior-Level),"Washington, District Of Columbia; New York, New York; Austin, Texas; Denver, Colorado; San Francisco, California",,,,https://mofo.career.page/jobs/6149?lang=en-us,6149,MOFO-6149,2026-09-30T07:36:23+00:00,2026-09-29T17:25:45+00:00,2026-09-30T07:36:23+00:00,False,False,
Morrison Foerster,SEEN,Emerging Companies + Venture Capital Associate Attorney (Mid-Level),"New York, New York; Austin, Texas; Denver, Colorado; Los Angeles, California; New York, New York; Palo Alto, California; Palo Alto, California; San Francisco, California; San Diego, California",,,,https://mofo.career.page/jobs/5929?lang=en-us,5929,MOFO-5929,2026-09-30T07:36:23+00:00,2026-09-29T17:25:45+00:00,2026-09-30T07:36:23+00:00,False,False,
Morrison Foerster,SEEN,Employment + Labor Litigation Associate (Mid-Level),"San Francisco, California; Los Angeles, California; Washington, District Of Columbia; Seattle, Washington; Palo Alto, California",,,,https://mofo.career.page/jobs/6127?lang=en-us,6127,MOFO-6127,2026-09-30T07:36:24+00:00,2026-09-29T17:25:45+00:00,2026-09-30T07:36:24+00:00,False,False,
Morrison Foerster,SEEN,Environmental Litigation Associate,"San Diego, California; San Francisco, California; Seattle, Washington",,,,https://mofo.career.page/jobs/6129?lang=en-us,6129,MOFO-6129,2026-09-30T07:36:26+00:00,2026-09-29T17:25:45+00:00,2026-09-30T07:36:26+00:00,False,False,
Morrison Foerster,SEEN,Finance (Banking) Associate Attorney (Mid-Level),"Boston, Massachusetts; Denver, Colorado; New York, New York",,,,https://mofo.career.page/jobs/6001?lang=en-us,6001,MOFO-6001,2026-09-30T07:36:27+00:00,2026-09-29T17:25:45+00:00,2026-09-30T07:36:27+00:00,False,False,
Morrison Foerster,SEEN,Finance (Commercial Lending) Associate Attorney (Mid-Level),"Boston, Massachusetts",,,,https://mofo.career.page/jobs/6042?lang=en-us,6042,MOFO-6042,2026-09-30T07:36:29+00:00,2026-09-29T17:25:45+00:00,2026-09-30T07:36:29+00:00,False,False,
Morrison Foerster,SEEN,Finance (Sponsor Finance) Associate Attorney (Junior to Mid-Level),"New York, New York; Denver, Colorado; San Francisco, California",,,,https://mofo.career.page/jobs/6007?lang=en-us,6007,MOFO-6007,2026-09-30T07:36:31+00:00,2026-09-29T17:25:45+00:00,2026-09-30T07:36:31+00:00,False,False,
Morrison Foerster,SEEN,Government Contracts Associate Attorney,"Washington, District Of Columbia",,,,https://mofo.career.page/jobs/5950?lang=en-us,5950,MOFO-5950,2026-09-30T07:36:32+00:00,2026-09-29T17:25:45+00:00,2026-09-30T07:36:32+00:00,False,False,
Morrison Foerster,SEEN,IP Litigation Associate Attorney (Mid-Level),"Los Angeles, California; New York, New York; San Diego, California; Washington, District Of Columbia; Seattle, Washington; San Francisco, California; Palo Alto, California; Austin, Texas; Boston, Massachusetts",,,,https://mofo.career.page/jobs/5440?lang=en-us,5440,MOFO-5440,2026-09-30T07:36:35+00:00,2026-09-29T17:25:45+00:00,2026-09-30T07:36:35+00:00,False,False,
Morrison Foerster,SEEN,Investigations + White Collar Defense Associate Attorney  (Mid-Level),"New York, New York; Washington, District Of Columbia",,,,https://mofo.career.page/jobs/6125?lang=en-us,6125,MOFO-6125,2026-09-30T07:36:33+00:00,2026-09-29T17:25:45+00:00,2026-09-30T07:36:33+00:00,False,False,
Morrison Foerster,SEEN,Litigation Associate Attorney – Business Restructuring + Insolvency Practice (Junior to Mid-Level),"New York, New York",,,,https://mofo.career.page/jobs/6126?lang=en-us,6126,MOFO-6126,2026-09-30T07:36:36+00:00,2026-09-29T17:25:45+00:00,2026-09-30T07:36:36+00:00,False,False,
Morrison Foerster,SEEN,Managing Attorney,"New York, New York; Washington, District Of Columbia",,,,https://mofo.career.page/jobs/6039?lang=en-us,6039,MOFO-6039,2026-09-30T07:36:38+00:00,2026-09-29T17:25:45+00:00,2026-09-30T07:36:38+00:00,False,False,
Morrison Foerster,SEEN,Mergers & Acquisitions Associate Attorney (Mid-Level),"New York, New York; San Francisco, California; Denver, Colorado; Seattle, Washington",,,,https://mofo.career.page/jobs/4093?lang=en-us,4093,MOFO-4093,2026-09-30T07:36:39+00:00,2026-09-29T17:25:45+00:00,2026-09-30T07:36:39+00:00,False,False,
Morrison Foerster,SEEN,New York Mergers & Acquisitions Associate Attorney (Mid-Level),"New York, New York",,,,https://mofo.career.page/jobs/6132?lang=en-us,6132,MOFO-6132,2026-09-30T07:36:40+00:00,2026-09-29T17:25:45+00:00,2026-09-30T07:36:40+00:00,False,False,
Morrison Foerster,SEEN,Products Liability Litigation Associate Attorney (Mid-Level),"San Diego, California; San Francisco, California; Los Angeles, California; Seattle, Washington",,,,https://mofo.career.page/jobs/5821?lang=en-us,5821,MOFO-5821,2026-09-30T07:36:42+00:00,2026-09-29T17:25:45+00:00,2026-09-30T07:36:42+00:00,False,False,
Morrison Foerster,SEEN,Real Estate Associate Attorney (Mid- to Senior-Level),"New York, New York; Boston, Massachusetts",,,,https://mofo.career.page/jobs/6113?lang=en-us,6113,MOFO-6113,2026-09-30T07:36:43+00:00,2026-09-29T17:25:45+00:00,2026-09-30T07:36:43+00:00,False,False,
Morrison Foerster,SEEN,Remote - Product Liability Attorney (Practice Attorney - Tier 1),"Seattle, Washington; Los Angeles, California; Palo Alto, California; San Diego, California; San Francisco, California",,,,https://mofo.career.page/jobs/5844?lang=en-us,5844,MOFO-5844,2026-09-30T07:36:45+00:00,2026-09-29T17:25:45+00:00,2026-09-30T07:36:45+00:00,False,False,
Morrison Foerster,SEEN,Remote - Product Liability Attorney (Practice Attorney - Tier 2),"Los Angeles, California; San Francisco, California; San Diego, California; Palo Alto, California; Seattle, Washington; Denver, Colorado; Austin, Texas; Boston, Massachusetts; New York, New York; Washington, District Of Columbia",,,,https://mofo.career.page/jobs/6152?lang=en-us,6152,MOFO-6152,2026-09-30T07:36:46+00:00,2026-09-29T17:25:45+00:00,2026-09-30T07:36:46+00:00,False,False,
Morrison Foerster,SEEN,Securities Litigation Associate Attorney (Mid-Level),"Boston, Massachusetts; New York, New York; San Francisco, California",,,,https://mofo.career.page/jobs/6150?lang=en-us,6150,MOFO-6150,2026-09-30T07:36:49+00:00,2026-09-29T17:25:45+00:00,2026-09-30T07:36:49+00:00,False,False,
Morrison Foerster,SEEN,Technology Transactions  Associate Attorney (Mid-Level),"San Francisco, California",,,,https://mofo.career.page/jobs/5713?lang=en-us,5713,MOFO-5713,2026-09-30T07:36:51+00:00,2026-09-29T17:25:45+00:00,2026-09-30T07:36:51+00:00,False,False,
Morrison Foerster,SEEN,Tokyo Litigation Associate,"Tokyo, Japan",,,,https://mofo.career.page/jobs/6012?lang=en-us,6012,MOFO-6012,2026-09-30T07:36:53+00:00,2026-09-29T17:25:45+00:00,2026-09-30T07:36:53+00:00,False,False,
Simpson Thacher,SEEN,Litigation Staff Attorney,"New York, NY",,,,https://stblaw.wd1.myworkdayjobs.com/en-US/careers/job/New-York-NY/Litigation-Staff-Attorney_R-2025-901-2,R-2025-901,R-2025-901,2026-09-30T07:36:06+00:00,2026-09-29T17:25:33+00:00,2026-09-30T07:36:06+00:00,False,False,
Squire Patton Boggs,UPDATED,Corporate Associate,Cleveland,,,,https://fsr.cvmailuk.com/spb/main.cfm?page=jobSpecific&jobId=78375&rcd=601179&queryString=srxksl%3D1,78375,Squire Patton Boggs-78375,2026-09-30T07:35:11+00:00,2026-09-29T17:24:51+00:00,2026-09-30T07:35:11+00:00,False,False,url
Squire Patton Boggs,UPDATED,Corporate Associate,Columbus,,,,https://fsr.cvmailuk.com/spb/main.cfm?page=jobSpecific&jobId=78385&rcd=601179&queryString=srxksl%3D1,78385,Squire Patton Boggs-78385,2026-09-30T07:35:11+00:00,2026-09-29T17:24:56+00:00,2026-09-30T07:35:11+00:00,False,False,url
Squire Patton Boggs,UPDATED,Corporate Associate,Cincinnati,,,,https://fsr.cvmailuk.com/spb/main.cfm?page=jobSpecific&jobId=78386&rcd=601179&queryString=srxksl%3D1,78386,Squire Patton Boggs-78386,2026-09-30T07:35:11+00:00,2026-09-29T17:24:37+00:00,2026-09-30T07:35:11+00:00,False,False,url
Squire Patton Boggs,UPDATED,Corporate Associate,Cincinnati,,,,https://fsr.cvmailuk.com/spb/main.cfm?page=jobSpecific&jobId=78880&rcd=601179&queryString=srxksl%3D1,78880,Squire Patton Boggs-78880,2026-09-30T07:35:11+00:00,2026-09-29T17:24:42+00:00,2026-09-30T07:35:11+00:00,False,False,url
Squire Patton Boggs,UPDATED,Corporate Associate - Amsterdam,Amsterdam,,,,https://fsr.cvmailuk.com/spb/main.cfm?page=jobSpecific&jobId=77273&rcd=601179&queryString=srxksl%3D1,77273,Squire Patton Boggs-77273,2026-09-30T07:35:11+00:00,2026-09-29T17:24:28+00:00,2026-09-30T07:35:11+00:00,False,False,url
Squire Patton Boggs,UPDATED,Labour & Employment - Senior Associate/Director (8-12 PQE),Any UK Office,,,"Squire Patton Boggs Careers Job Board jQuery.fn.filterByText = function(textbox, selectSingleMatch) { return this.each(function() { var select = this; var options = []; $(select).find('option').each(function() { options.push({value: $(this).val(), text: $(this).text()}); }); $(select).data('options', options); $(textbox).bind('change keyup', function() { var options = $(select).empty().scrollTop(0).data('options'); var search = $.trim($(this).val()); var regex = new RegExp(search,'gi'); $.each(options, function(i) { var option = options[i]; if(option.text.match(regex) !== null) { $(select).append( $('<option>').text(option.text).val(option.value) ); } }); if (selectSingleMatch === true && $(select).children().length === 1) { $(select).children().get(0).selected = true; } }); }); }; window.dataLayer = window.dataLayer || []; function gtag() {dataLayer.push(arguments);} gtag('js', new Date()); gtag('set', {cookie_flags: 'path=;'}); gtag('config', 'UA-113326686-2'); Professionals Services Insights & Events About Locations News Careers Open Positions Vacancies Job Alerts Register Careers Site Login if (!navigator.cookieEnabled) { window.location = ""/COOKIES/cookieNotEnabled.cfm""; } < Back to jobs Refer a friend Printer friendly Apply Job Title Labour & Employment - Senior Associate/Director (8-12 PQE) Ref No. | You You will be a qualified solicitor under the laws of England and Wales, with between 8 and 12 years' PQE.",https://fsr.cvmailuk.com/spb/main.cfm?page=jobSpecific&jobId=78026&rcd=601179&queryString=srxksl%3D1,78026,Squire Patton Boggs-78026,2026-09-30T07:35:11+00:00,2026-09-29T17:24:33+00:00,2026-09-30T07:35:11+00:00,False,False,url
Squire Patton Boggs,UPDATED,Litigation Associate,Cleveland,,,,https://fsr.cvmailuk.com/spb/main.cfm?page=jobSpecific&jobId=78370&rcd=601179&queryString=srxksl%3D1,78370,Squire Patton Boggs-78370,2026-09-30T07:35:11+00:00,2026-09-29T17:24:47+00:00,2026-09-30T07:35:11+00:00,False,False,url
TLT,SEEN,Associate - Commercial Dispute Resolution,Manchester,Commercial Dispute Resolution,official job-title suffix (not a separate practice field),"A qualified Solicitor 2+ year's PQE, though we will consider applications outside of this PQE bracket",https://apply.tlt.com/vacancies/6093/associate_commercial_dispute_resolution,6093,TLT-6093,2026-09-30T07:36:19+00:00,2026-09-29T17:23:30+00:00,2026-09-30T07:36:19+00:00,False,False,
TLT,SEEN,Associate - Disputes,Belfast,Disputes,official job-title suffix (not a separate practice field),"A qualified (or newly qualified) Solicitor 1-4 year's PQE, with experience in litigation and / or property",https://apply.tlt.com/vacancies/6030/associate_disputes,6030,TLT-6030,2026-09-30T07:36:19+00:00,2026-09-29T17:24:10+00:00,2026-09-30T07:36:19+00:00,False,False,
TLT,SEEN,Associate - Finance Litigation,Bristol,Finance Litigation,official job-title suffix (not a separate practice field),"We are recruiting for an Associate to join our Financial Services Disputes team in Bristol, on a hybrid working basis. This role would best suit a junior, qualified lawyer 1 year PQE +. | A qualified Solicitor 1-3 year's PQE, with experience in financial disputes, insurance, property or commercial litigation",https://apply.tlt.com/vacancies/6146/associate_finance_litigation,6146,TLT-6146,2026-09-30T07:36:19+00:00,2026-09-29T17:22:58+00:00,2026-09-30T07:36:19+00:00,False,False,
TLT,SEEN,Associate - Litigation,"Edinburgh, Glasgow",Litigation,official job-title suffix (not a separate practice field),"We are newly recruiting for an Associate to join our busy Finance Litigation team in Glasgow or Edinburgh. This role is offered on a flexible working basis and would best suit a Scottish qualified Solicitor between NQ-5 year's PQE, looking for a new career opportunity with clear routes for progression.",https://apply.tlt.com/vacancies/6113/associate_litigation,6113,TLT-6113,2026-09-30T07:36:19+00:00,2026-09-29T17:23:20+00:00,2026-09-30T07:36:19+00:00,False,False,
TLT,SEEN,Associate - Public Procurement,"Manchester, Birmingham",Public Procurement,official job-title suffix (not a separate practice field),,https://apply.tlt.com/vacancies/6147/associate_public_procurement,6147,TLT-6147,2026-09-30T07:36:19+00:00,2026-09-29T17:23:01+00:00,2026-09-30T07:36:19+00:00,False,False,
TLT,SEEN,Associate/Senior Associate - Financial Services Disputes,"Birmingham, Bristol, Manchester",Financial Services Disputes,official job-title suffix (not a separate practice field),"A Qualified Solicitor (SRA or Law Society Registered or a Chartered Legal Executive), ideally 1-5 PQE, however we will consider applications from those outside of this bracket",https://apply.tlt.com/vacancies/4164/associatesenior_associate_financial_services_disputes,4164,TLT-4164,2026-09-30T07:36:19+00:00,2026-09-29T17:23:17+00:00,2026-09-30T07:36:19+00:00,False,False,
TLT,SEEN,"Associate/Senior Associate - Projects, Infrastructure & Construction",Belfast,"Projects, Infrastructure & Construction",official job-title suffix (not a separate practice field),A Qualified Solicitor (ideally 1 - 6 PQE) with experience of having worked on contentious and non contentious construction matters in NI and/or ROI.,https://apply.tlt.com/vacancies/5436/associatesenior_associate_projects_infrastructure_amp_construction,5436,TLT-5436,2026-09-30T07:36:19+00:00,2026-09-29T17:23:09+00:00,2026-09-30T07:36:19+00:00,False,False,
TLT,SEEN,"Associate/Senior Associate– Projects, Infrastructure & Construction","Manchester, Glasgow, Bristol, Birmingham","Projects, Infrastructure & Construction",official job-title suffix (not a separate practice field),"A Qualified Solicitor (SRA or Law Society Registered or equivalent), 1-5 PQE, with construction experience gained within a highly regarded Projects/Construction team",https://apply.tlt.com/vacancies/5998/associatesenior_associatendash_projects_infrastructure_amp_construction,5998,TLT-5998,2026-09-30T07:36:19+00:00,2026-09-29T17:24:16+00:00,2026-09-30T07:36:19+00:00,False,False,
TLT,SEEN,Contract Senior Associate - Litigation,Manchester,Litigation,official job-title suffix (not a separate practice field),A qualified disputes and litigation solicitor with 1-5 PQE at a large national or international firm. Experience in financial services disputes is preferred but not essential,https://apply.tlt.com/vacancies/6148/contract_senior_associate_litigation,6148,TLT-2319,2026-09-30T07:36:19+00:00,2026-09-29T17:23:04+00:00,2026-09-30T07:36:19+00:00,False,False,
TLT,SEEN,Legal Director - Commercial Dispute Resolution,Birmingham,Commercial Dispute Resolution,official job-title suffix (not a separate practice field),,https://apply.tlt.com/vacancies/5546/legal_director_commercial_dispute_resolution,5546,TLT-5546,2026-09-30T07:36:19+00:00,2026-09-29T17:23:59+00:00,2026-09-30T07:36:19+00:00,False,False,
TLT,SEEN,Managing Associate - Digital Data and Commercial - Payments,"Glasgow, Manchester, Edinburgh, Bristol, Birmingham",Digital Data and Commercial - Payments,official job-title suffix (not a separate practice field),"A qualified solicitor (SRA or Law Society registered), with at least six years' post-qualification experience gained within a commercial, technology or financial services practice, or within a relevant in-house legal team.",https://apply.tlt.com/vacancies/6028/managing_associate_digital_data_and_commercial_payments,6028,TLT-6028,2026-09-30T07:36:19+00:00,2026-09-29T17:24:05+00:00,2026-09-30T07:36:19+00:00,False,False,
TLT,SEEN,"Managing Associate - Projects, Infrastructure & Construction (Contentious)","Birmingham, Glasgow","Projects, Infrastructure & Construction (Contentious)",official job-title suffix (not a separate practice field),"A Qualified Solicitor (SRA or Law Society Registered or equivalent) 6 PQE+, already operating at a senior level, with contentious construction experience gained within a highly regarded Projects/Construction team",https://apply.tlt.com/vacancies/5958/managing_associate_projects_infrastructure_amp_construction_contentious,5958,TLT-5958,2026-09-30T07:36:19+00:00,2026-09-29T17:24:21+00:00,2026-09-30T07:36:19+00:00,False,False,
TLT,SEEN,"Managing Associate - Projects, Infrastructure & Construction - Non-Contentious","Birmingham, Edinburgh, Glasgow","Projects, Infrastructure & Construction - Non-Contentious",official job-title suffix (not a separate practice field),"A Qualified Solicitor (registered with the Law Society, SRA or equivalent), 6 PQE+, already operating at a senior level, with construction experience gained within a highly regarded Construction and Projects team",https://apply.tlt.com/vacancies/5997/managing_associate_projects_infrastructure_amp_construction_noncontentious,5997,TLT-5997,2026-09-30T07:36:19+00:00,2026-09-29T17:24:18+00:00,2026-09-30T07:36:19+00:00,False,False,
TLT,SEEN,Managing Associate - Real Estate,Manchester,Real Estate,official job-title suffix (not a separate practice field),A qualified Solicitor 7+ years' PQE in a similar legal setting,https://apply.tlt.com/vacancies/5099/managing_associate_real_estate,5099,TLT-5099,2026-09-30T07:36:19+00:00,2026-09-29T17:23:06+00:00,2026-09-30T07:36:19+00:00,False,False,
TLT,SEEN,Senior Associate - Data Subject Access Requests,"Birmingham, Bristol, Manchester",Data Subject Access Requests,official job-title suffix (not a separate practice field),,https://apply.tlt.com/vacancies/5199/senior_associate_data_subject_access_requests,5199,TLT-5199,2026-09-30T07:36:19+00:00,2026-09-29T17:23:53+00:00,2026-09-30T07:36:19+00:00,False,False,
TLT,SEEN,Senior Associate - Document Review Manager,"Manchester, Bristol, Birmingham",Document Review Manager,official job-title suffix (not a separate practice field),SRA qualified Solicitor 8+ year's PQE,https://apply.tlt.com/vacancies/5990/senior_associate_document_review_manager,5990,TLT-5990,2026-09-30T07:36:19+00:00,2026-09-29T17:23:35+00:00,2026-09-30T07:36:19+00:00,False,False,
TLT,SEEN,Senior Associate - Financial Regulation & Disputes,Bristol,Financial Regulation & Disputes,official job-title suffix (not a separate practice field),,https://apply.tlt.com/vacancies/5775/senior_associate_financial_regulation_amp_disputes,5775,TLT-5775,2026-09-30T07:36:19+00:00,2026-09-29T17:23:51+00:00,2026-09-30T07:36:19+00:00,False,False,
TLT,SEEN,"Senior Associate - Projects, Infrastructure and Construction","Belfast, Birmingham, Bristol, Glasgow, Manchester","Projects, Infrastructure and Construction",official job-title suffix (not a separate practice field),,https://apply.tlt.com/vacancies/5564/senior_associate_projects_infrastructure_and_construction,5564,TLT-5564,2026-09-30T07:36:19+00:00,2026-09-29T17:23:22+00:00,2026-09-30T07:36:19+00:00,False,False,
TLT,SEEN,Senior Associate - Property Litigation,"Birmingham, Bristol, Manchester",Property Litigation,official job-title suffix (not a separate practice field),A Qualified Solicitor (SRA or Law Society Registered) 4+ year's PQE with experience handling property litigation matters with minimal supervision. Experience of acting for clients in the public sector or telecoms would be an advantage but not essential,https://apply.tlt.com/vacancies/5948/senior_associate_property_litigation,5948,TLT-5948,2026-09-30T07:36:19+00:00,2026-09-29T17:23:14+00:00,2026-09-30T07:36:19+00:00,False,False,
TLT,SEEN,Senior Associate - Public Procurement,"Birmingham, Manchester",Public Procurement,official job-title suffix (not a separate practice field),"We are recruiting for a Senior Associate to join our Public Sector Contracts and Procurement team at TLT. This role would best suit a qualified lawyer 3+ year's PQE with experience in public procurement. | A qualified lawyer 3+ year's PQE, with a strong understanding and experience in UK public procurement law, including the Procurement Act 2023, Public Contracts Regulations 2015, with experience advising on procurement processes and drafting/reviewing key documentation (e.g. ITTs, specifications and notices)",https://apply.tlt.com/vacancies/5977/senior_associate_public_procurement,5977,TLT-5977,2026-09-30T07:36:19+00:00,2026-09-29T17:23:48+00:00,2026-09-30T07:36:19+00:00,False,False,
TLT,SEEN,Senior Associate - Real Estate Future Energy,"Bristol, Belfast, Birmingham, Manchester",Real Estate Future Energy,official job-title suffix (not a separate practice field),"3 - 7 years of post-qualification experience within real estate. Ideally you will have experience working with clients in the future energy sector, however we encourage those with a keen interest to specialise in this sector to apply.",https://apply.tlt.com/vacancies/6002/senior_associate_real_estate_future_energy,6002,TLT-6002,2026-09-30T07:36:19+00:00,2026-09-29T17:24:13+00:00,2026-09-30T07:36:19+00:00,False,False,
TLT,SEEN,Senior/Managing Associate - Corporate Tax,"Manchester, Glasgow, Edinburgh, Bristol, Birmingham",Corporate Tax,official job-title suffix (not a separate practice field),"Supervise and support newly qualified Associates and Trainees within the team | A qualified solicitor (SRA or Law Society registered) with 5+ years' PQE and experience advising on a range of UK tax matters, including corporation tax, income tax, VAT and stamp duty land tax",https://apply.tlt.com/vacancies/6075/seniormanaging_associate_corporate_tax,6075,TLT-6075,2026-09-30T07:36:19+00:00,2026-09-29T17:23:27+00:00,2026-09-30T07:36:19+00:00,False,False,
TLT,SEEN,Senior/Managing Associate - Real Estate - Housing and Regeneration,"Birmingham, Bristol, Manchester",Real Estate - Housing and Regeneration,official job-title suffix (not a separate practice field),,https://apply.tlt.com/vacancies/5689/seniormanaging_associate_real_estate_housing_and_regeneration,5689,TLT-5689,2026-09-30T07:36:19+00:00,2026-09-29T17:23:25+00:00,2026-09-30T07:36:19+00:00,False,False,
TLT,SEEN,Senior/Managing Associate – Commercial Dispute Resolution / Pensions Litigation,"Birmingham, Bristol, Manchester",Commercial Dispute Resolution / Pensions Litigation,official job-title suffix (not a separate practice field),"A proven Commercial Dispute Resolution background with outstanding technical ability and a genuine interest in commercial dispute resolution, with a minimum of 3 years PQE",https://apply.tlt.com/vacancies/5435/seniormanaging_associate_ndash_commercial_dispute_resolution_pensions_litigation,5435,TLT-5435,2026-09-30T07:36:19+00:00,2026-09-29T17:23:57+00:00,2026-09-30T07:36:19+00:00,False,False,
TLT,SEEN,Senior/Managing Associate- Corporate- Future Energy,"Manchester, Glasgow, Edinburgh, Bristol, Birmingham",Corporate- Future Energy,official job-title suffix (not a separate practice field),"A Qualified Solicitor (SRA or Law Society Registered), circa 6 PQE+, with experience in handling clean energy M&A deals. Ideally you will have worked for a highly regarded corporate team on complex national and international mid-market M&A, VC and PE transactions, with clean energy sector experience.",https://apply.tlt.com/vacancies/5986/seniormanaging_associate_corporate_future_energy,5986,TLT-5986,2026-09-30T07:36:19+00:00,2026-09-29T17:24:08+00:00,2026-09-30T07:36:19+00:00,False,False,
Taylor Wessing,SEEN,Tax Associate 3+ PQE,"Dublin 2, IE",,,"Annual associate (3 PQE) base salary is: €97,000 Position responsibilities Advise clients on a variety of complex corporate tax matters, including cross-border transactions, mergers and acquisitions, restructurings, and financing arrangements. | 3-5 years of post-qualification experience (PQE) specializing in corporate taxation or private client tax within a reputable law firm.",https://careers.winstontaylor-emea.com/Careeropportunities/job/Dublin-2-Tax-Associate-3%2B-PQE/1351700155/,1351700155,TW-1351700155,2026-09-30T07:35:14+00:00,2026-09-29T17:24:58+00:00,2026-09-30T07:35:14+00:00,False,False,
Withers,SEEN,Associate (Family),Singapore,Dispute Resolution - Family,Board category,NQ to 3 years PQE with experience in family law,https://www.witherscareers.com/job-detail.php?jobid=317226,317226,317226,2026-09-30T07:35:54+00:00,2026-09-29T17:25:12+00:00,2026-09-30T07:35:54+00:00,False,False,
Withers,SEEN,Associate (Litigation & Arbitration),Hong Kong,Dispute Resolution - Litigation,Board category,· 3 - 4 years PQE with experience in litigation/arbitration/regulatory investigation,https://www.witherscareers.com/job-detail.php?jobid=326140,326140,326140,2026-09-30T07:35:54+00:00,2026-09-30T07:19:39+00:00,2026-09-30T07:35:54+00:00,False,False,
Withers,SEEN,Associate (Restructuring and Insolvency),Singapore,Dispute Resolution - Litigation,Board category,"1 to 2 years PQE with experience in restructuring & insolvency, and with commercial disputes",https://www.witherscareers.com/job-detail.php?jobid=323568,323568,323568,2026-09-30T07:35:54+00:00,2026-09-29T17:25:07+00:00,2026-09-30T07:35:54+00:00,False,False,
Withers,SEEN,Associate (White Collar Defence & Criminal Litigation ),Singapore,Dispute Resolution - Criminal Litigation,Board category,2-6 PQE is desirable,https://www.witherscareers.com/job-detail.php?jobid=317706,317706,317706,2026-09-30T07:35:54+00:00,2026-09-29T17:25:10+00:00,2026-09-30T07:35:54+00:00,False,False,
Withers,SEEN,Corporate M&A - Junior Associate (Avvocato NQ-1 PQE),Milano,Business - Corporate,Board category,"Newly qualified / 1 PQE associate (""avvocato"")",https://www.witherscareers.com/job-detail.php?jobid=239336,239336,239336,2026-09-30T07:35:55+00:00,2026-09-29T17:25:15+00:00,2026-09-30T07:35:55+00:00,False,False,
Withers,SEEN,Dispute Resolution Associate,San Francisco,Dispute Resolution - Litigation,Board category,,https://www.witherscareers.com/job-detail.php?jobid=312785,312785,312785,2026-09-30T07:35:55+00:00,2026-09-29T17:25:13+00:00,2026-09-30T07:35:55+00:00,False,False,
Withers,SEEN,Dispute Resolution Associate,San Francisco,Dispute Resolution - Litigation,Board category,,https://www.witherscareers.com/job-detail.php?jobid=324203,324203,324203,2026-09-30T07:35:54+00:00,2026-09-29T17:25:06+00:00,2026-09-30T07:35:54+00:00,False,False,
Withers,SEEN,Dispute Resolution Attorney,San Francisco,Dispute Resolution - Litigation,Board category,,https://www.witherscareers.com/job-detail.php?jobid=306487,306487,306487,2026-09-30T07:35:55+00:00,2026-09-29T17:25:14+00:00,2026-09-30T07:35:55+00:00,False,False,
Withers,SEEN,Employment Associate,San Francisco,Business - Corporate,Board category,,https://www.witherscareers.com/job-detail.php?jobid=322299,322299,322299,2026-09-30T07:35:54+00:00,2026-09-29T17:25:09+00:00,2026-09-30T07:35:54+00:00,False,False,
Withers,SEEN,Family Law Associate,Los Angeles,Dispute Resolution - Family,Board category,,https://www.witherscareers.com/job-detail.php?jobid=316504,316504,316504,2026-09-30T07:35:55+00:00,2026-09-29T17:25:12+00:00,2026-09-30T07:35:55+00:00,False,False,
Withers,SEEN,Family Law Associate,New York,Dispute Resolution - Family,Board category,,https://www.witherscareers.com/job-detail.php?jobid=319243,319243,319243,2026-09-30T07:35:54+00:00,2026-09-29T17:25:10+00:00,2026-09-30T07:35:54+00:00,False,False,
Withers,SEEN,Family Law Associate,San Diego,Dispute Resolution - Family,Board category,,https://www.witherscareers.com/job-detail.php?jobid=322841,322841,322841,2026-09-30T07:35:54+00:00,2026-09-29T17:25:08+00:00,2026-09-30T07:35:54+00:00,False,False,
Withers,SEEN,Junior Tax Associate (avvocato o commercialista) - Private Client and Tax - Padova,Padova,Private Client and Tax,Board category,,https://www.witherscareers.com/job-detail.php?jobid=312973,312973,312973,2026-09-30T07:35:55+00:00,2026-09-29T17:25:13+00:00,2026-09-30T07:35:55+00:00,False,False,
Withers,SEEN,"Trust, Estate, and Inheritance Disputes Associate",Los Angeles,"Dispute Resolution - Trust, Estates & Inheritance",Board category,,https://www.witherscareers.com/job-detail.php?jobid=317643,317643,317643,2026-09-30T07:35:54+00:00,2026-09-29T17:25:11+00:00,2026-09-30T07:35:54+00:00,False,False,
Withers,SEEN,Trusts & Estates Associate,San Diego,Private Client and Tax,Board category,,https://www.witherscareers.com/job-detail.php?jobid=322713,322713,322713,2026-09-30T07:35:54+00:00,2026-09-29T17:25:08+00:00,2026-09-30T07:35:54+00:00,False,False,
